[
    {
        "item_id": "3369780000000206065",
        "Item_Name": "Mid Rise Scissor lift Brand: GX, Model - Scizor 30."
    },
    {
        "item_id": "3369780000000206239",
        "Item_Name": "Brand : GX, Make : China - Parking Lifts XL"
    },
    {
        "item_id": "3369780000000220001",
        "Item_Name": "Equaliser Cable"
    },
    {
        "item_id": "3369780000000221001",
        "Item_Name": "Pulley - 2 Post Lift"
    },
    {
        "item_id": "3369780000000214003",
        "Item_Name": "Rubber Pad For 2 Post Lift"
    },
    {
        "item_id": "3369780000000222001",
        "Item_Name": "Service Charges"
    },
    {
        "item_id": "3369780000000221026",
        "Item_Name": "Brand : GX, Model : ARCH 45 - Electro Hydraulic Two Post Lift with 4.5 ton lifting capacity"
    },
    {
        "item_id": "3369780000000221035",
        "Item_Name": "Obselete"
    },
    {
        "item_id": "3369780000000221048",
        "Item_Name": "Brand : GX, Make : China - Parking Lifts"
    },
    {
        "item_id": "3369780000000228463",
        "Item_Name": "Filter\/Drier AC788 PRO"
    },
    {
        "item_id": "3369780000000287001",
        "Item_Name": "Air Compressor Oil 20 Litres Pail For Screw Compressor"
    },
    {
        "item_id": "3369780000000288001",
        "Item_Name": "Air Filter E18-10"
    },
    {
        "item_id": "3369780000000289001",
        "Item_Name": "Oil Filter E18-10"
    },
    {
        "item_id": "3369780000000318115",
        "Item_Name": "Brand : GX, Model : Fourliner - Wheel Alignment Machine"
    },
    {
        "item_id": "3369780000000318128",
        "Item_Name": "Brand : GX, Model : NITRO - Nitrogen Inflator for Car and Light Truck Tyres."
    },
    {
        "item_id": "3369780000000318137",
        "Item_Name": "Pressure Regulator for Bead Blaster - Tyre Changer"
    },
    {
        "item_id": "3369780000000322015",
        "Item_Name": "Consumables"
    },
    {
        "item_id": "3369780000000426005",
        "Item_Name": "Service of Air Compressor - Replacement of cooler hose assembly, high temp hose assembly, Oil Filer, Air Filter, Air Oil Seperator, Air Compressor Oil including Service charges"
    },
    {
        "item_id": "3369780000000440005",
        "Item_Name": "Repair Of Hydraulic Engine Crane By Replacing The Pump Seal Kit, Cylinder Seal Kit, Cylinder Oil Cap Including Pressure Test And Service Charges."
    },
    {
        "item_id": "3369780000000478007",
        "Item_Name": "MOUNTING HEAD FOR LEVER LESS TYRECHANGERS(PLASTIC), SIZE : 142 X 74 MM"
    },
    {
        "item_id": "3369780000000483001",
        "Item_Name": "Freight"
    },
    {
        "item_id": "3369780000000488007",
        "Item_Name": "Wheel Alignment Scissor With Integrated Wheel Free Lift 5.5 Ton Lifting Capacity , Brand : GX Model:SCIZOR 55"
    },
    {
        "item_id": "3369780000000493007",
        "Item_Name": "Replacement Of High Pressure R2 Hose (Pressure Rating 400 Bar ) With High Pressure Crimpped Fittings"
    },
    {
        "item_id": "3369780000000494001",
        "Item_Name": "4mm HQ PU Hose For Pneumatic Connections"
    },
    {
        "item_id": "3369780000000527001",
        "Item_Name": "Wheel Alignment Machine, Hunter - USA, Model P200."
    },
    {
        "item_id": "3369780000000522005",
        "Item_Name": "3ph Power Pack For 2 Post Lift"
    },
    {
        "item_id": "3369780000000519019",
        "Item_Name": "Hydraulic Oil For 2 Post Lift"
    },
    {
        "item_id": "3369780000000545047",
        "Item_Name": "Air Operated Mobile Oil Dispenser 24 Litres Capacity"
    },
    {
        "item_id": "3369780000000557001",
        "Item_Name": "4 POST LIFT SHL-4-450D,TECH LIFT \nCHINA,CAPACITY-5 TON"
    },
    {
        "item_id": "3369780000000591001",
        "Item_Name": "Gates, Part Number: 6860-14MGT4-115 POWERGRIP GT Belt 115mm width."
    },
    {
        "item_id": "3369780000000591010",
        "Item_Name": "GATES PART NUMBER: 6860-14MGT4-1400, POWERGRIP GT BELT 14\" SLAB (CAN CUT INTO 6860-14MGT4-115 X 3 NOS)"
    },
    {
        "item_id": "3369780000000591070",
        "Item_Name": "Paint Booth, 7m x 4 m"
    },
    {
        "item_id": "3369780000000612001",
        "Item_Name": "Fabrication Of Pulley Pin"
    },
    {
        "item_id": "3369780000000632001",
        "Item_Name": "Compressor For AC Recycling Machine (Local Made)"
    },
    {
        "item_id": "3369780000000633001",
        "Item_Name": "Robinair - Compressor For AC Recycling Machine"
    },
    {
        "item_id": "3369780000000632010",
        "Item_Name": "LP Coupler (Local Make)"
    },
    {
        "item_id": "3369780000000628003",
        "Item_Name": "Robinair\/Bosch - LP Coupler"
    },
    {
        "item_id": "3369780000000634001",
        "Item_Name": "Vacuum Oil"
    },
    {
        "item_id": "3369780000000635001",
        "Item_Name": "Filter\/Drier AC690"
    },
    {
        "item_id": "3369780000000649001",
        "Item_Name": "Battery Analyzer, Model-BT-780 - FOXWELL"
    },
    {
        "item_id": "3369780000000697001",
        "Item_Name": "AC Recycling Machine, Robinair AC1x345i"
    },
    {
        "item_id": "3369780000000696017",
        "Item_Name": "Tyre Changer Standard Table top, Model: Mounter 55, Brand : GX"
    },
    {
        "item_id": "3369780000000700001",
        "Item_Name": "Frame Machine - Body Repair Bench"
    },
    {
        "item_id": "3369780000000729001",
        "Item_Name": "Air Compressor Oil 150"
    },
    {
        "item_id": "3369780000000719027",
        "Item_Name": "Lock Cylinder Control Handle"
    },
    {
        "item_id": "3369780000000720035",
        "Item_Name": "Latch Cable"
    },
    {
        "item_id": "3369780000000733001",
        "Item_Name": "Wheel Balancing Machine, Brand : GX, Make: EU Model : Spinner60"
    },
    {
        "item_id": "3369780000000722005",
        "Item_Name": "Wheel Alignment Machine, Four camera  Brand : TechnoVector, Model: 7204 TAS Make: Russia"
    },
    {
        "item_id": "3369780000000763003",
        "Item_Name": "Repair Of ROBINAIR, AC Recycling Machine."
    },
    {
        "item_id": "3369780000000769055",
        "Item_Name": "3 Ton Low Profile Trolley Jack"
    },
    {
        "item_id": "3369780000000786007",
        "Item_Name": "IMPACT WRENCH 1\/2\" D, 1492Nm DOUBLE HAMMER"
    },
    {
        "item_id": "3369780000000773027",
        "Item_Name": "Wheel Alignment Machine For Trucks"
    },
    {
        "item_id": "3369780000000786034",
        "Item_Name": "Hose For Tyre Changer - Inflation"
    },
    {
        "item_id": "3369780000000811001",
        "Item_Name": "ROTARY - \nUSA, Model SPOA10,Colour: RED,  2 POST LIFT, 4.5 Ton \nCapacity"
    },
    {
        "item_id": "3369780000000820001",
        "Item_Name": "Gas Transfer Adapter"
    },
    {
        "item_id": "3369780000000833003",
        "Item_Name": "Installation And Commissioning Of Velyen Two Post Lift"
    },
    {
        "item_id": "3369780000000832003",
        "Item_Name": "Insulation And Commissioning Of Velyen 5 Ton Scissor Lift For Wheel Alignment Lift"
    },
    {
        "item_id": "3369780000000839005",
        "Item_Name": "Installation And Commissioning Of Autop Stenhoj Trio Lift"
    },
    {
        "item_id": "3369780000000849001",
        "Item_Name": "Truck Tyre Changer (14\" - 46\") With Standard\nAccessories\nBrand : Bright, Model : BP590D"
    },
    {
        "item_id": "3369780000000867001",
        "Item_Name": "Repair Of Air Compressor By Replacing The Compressor Head Including Service Charges"
    },
    {
        "item_id": "3369780000000910001",
        "Item_Name": "Elgi Compressor E15"
    },
    {
        "item_id": "3369780000000908003",
        "Item_Name": "Precision- India, Installation Of Two Post Lift"
    },
    {
        "item_id": "3369780000000928001",
        "Item_Name": "RAASM, Grease Bucket Pump"
    },
    {
        "item_id": "3369780000000950001",
        "Item_Name": "Mounting Tool - Hunter"
    },
    {
        "item_id": "3369780000000952017",
        "Item_Name": "Two Post Lift, Single Point Manual Release. Brand GX."
    },
    {
        "item_id": "3369780000000973003",
        "Item_Name": "Fully Automatic Tyre Changer, Brand GX, Model : Mounter 100"
    },
    {
        "item_id": "3369780000000980001",
        "Item_Name": "TPMS Sensor (Metal)"
    },
    {
        "item_id": "3369780000000981001",
        "Item_Name": "TPMS Sensor (Rubber)"
    },
    {
        "item_id": "3369780000000982001",
        "Item_Name": "TPMS Programming Tool"
    },
    {
        "item_id": "3369780000000981010",
        "Item_Name": "Air Inflator - Automatic, Brand : GX"
    },
    {
        "item_id": "3369780000000986003",
        "Item_Name": "Repair Of Trasmission Jack"
    },
    {
        "item_id": "3369780000001025003",
        "Item_Name": "Wheel Alignment Machine, Brand : TechnoVector, Model: TechnoVector 07 Two Camera System, Make: European"
    },
    {
        "item_id": "3369780000001019003",
        "Item_Name": "Wheel Alignment Scissor With Integrated Wheel Free Lift 4.5 Ton Lifting Capacity , Brand : GX - Model:SCIZOR 45"
    },
    {
        "item_id": "3369780000001010017",
        "Item_Name": "Wheel Balancing Machine Touch Display, Brand : GX, Make:EU Model : Spinner80."
    },
    {
        "item_id": "3369780000001033001",
        "Item_Name": "Air Compressor - Model: Smart 100, Brand : Frank, Make : India."
    },
    {
        "item_id": "3369780000001034001",
        "Item_Name": "Air Compressor - Model: Smart 150, Brand : Frank, Make : India."
    },
    {
        "item_id": "3369780000001072003",
        "Item_Name": "Service\/Calibration of Wheel Alignment Machine"
    },
    {
        "item_id": "3369780000001076001",
        "Item_Name": "Adapter Extension Kit, Part No : FJ7880BBK"
    },
    {
        "item_id": "3369780000001103001",
        "Item_Name": "Air Compressor - Screw Type - Silent Air Compressors mounted on 500 litres receiver tank with integrated Air Drier"
    },
    {
        "item_id": "3369780000001103010",
        "Item_Name": "Washing Hoist - Hydraulic"
    },
    {
        "item_id": "3369780000001103019",
        "Item_Name": "Super Structure for Washing Hoist"
    },
    {
        "item_id": "3369780000001103028",
        "Item_Name": "Full Rise - Low Profile Lift (Floor Mount) Brand : GX, Model : SCIZOR 36 Scissor Lift."
    },
    {
        "item_id": "3369780000001103049",
        "Item_Name": "JS-108-8 - Corner Cabinet"
    },
    {
        "item_id": "3369780000001103058",
        "Item_Name": "JS-108-6 - Pneumatic and Wire Drum"
    },
    {
        "item_id": "3369780000001103067",
        "Item_Name": "JS-108-5 - Trash Can"
    },
    {
        "item_id": "3369780000001103076",
        "Item_Name": "JS-108-2 - 7 drawers"
    },
    {
        "item_id": "3369780000001103085",
        "Item_Name": "JS-108-1 - Side Cabinet"
    },
    {
        "item_id": "3369780000001103098",
        "Item_Name": "JS-108-3 - 5 Drawers"
    },
    {
        "item_id": "3369780000001103107",
        "Item_Name": "JS-108-4 - 2 Doors Cabinet"
    },
    {
        "item_id": "3369780000001118003",
        "Item_Name": "Lube Equipments"
    },
    {
        "item_id": "3369780000001138001",
        "Item_Name": "Wheel Lift For Wheel Balancer"
    },
    {
        "item_id": "3369780000001174028",
        "Item_Name": "Triple Staker Parking Lifts"
    },
    {
        "item_id": "3369780000001179003",
        "Item_Name": "Wheel Balancing Machine, Brand : Techno Vector, Model : BM7 Pro"
    },
    {
        "item_id": "3369780000001327001",
        "Item_Name": "Four Post Lift - HPA-Faip, Italy - (Preowned)"
    },
    {
        "item_id": "3369780000001328001",
        "Item_Name": "Two Post Lift - AUTOP STENHOJ, Germany ( Pre Owned)"
    },
    {
        "item_id": "3369780000001329001",
        "Item_Name": "Installation Charges Incliding, Bolts, Consumables Etc"
    },
    {
        "item_id": "3369780000001330001",
        "Item_Name": "Tyre Changer,  HPA-Faip, Italy"
    },
    {
        "item_id": "3369780000001330010",
        "Item_Name": "Oil Filter"
    },
    {
        "item_id": "3369780000001327010",
        "Item_Name": "Air Filter"
    },
    {
        "item_id": "3369780000001333007",
        "Item_Name": "Service Of Air Compressor By Replacing Oil Filter, Air Filter And Oil Including Service Charges."
    },
    {
        "item_id": "3369780000001336001",
        "Item_Name": "Belt For Air Compressor"
    },
    {
        "item_id": "3369780000001328010",
        "Item_Name": "Charges For The Replacement Of Belt"
    },
    {
        "item_id": "3369780000001330019",
        "Item_Name": "Brand : GX, Model : ARCH 45 EH- Electro Hydraulic Two Post Lift with 4.5  ton lifting capacity With Electric Lock Release"
    },
    {
        "item_id": "3369780000001332029",
        "Item_Name": "Seal Kit For Scissor Lift"
    },
    {
        "item_id": "3369780000001336010",
        "Item_Name": "Light Truck Cone Kit"
    },
    {
        "item_id": "3369780000001386005",
        "Item_Name": "40mm Rubber Block"
    },
    {
        "item_id": "3369780000001448001",
        "Item_Name": "Two Post Lift Brand : GX Model : ARCH 4.0 MLH"
    },
    {
        "item_id": "3369780000001451001",
        "Item_Name": "Rolling Jack For 4post\/Scissor Lift"
    },
    {
        "item_id": "3369780000001454001",
        "Item_Name": "Full rise Small Platform Scissor Lift Brand : GX, Model : SCIZOR 40"
    },
    {
        "item_id": "3369780000001458003",
        "Item_Name": "Heavy Duty Cooling Fan For Air Compressor Including Balancing, Fixing, and Commissioning."
    },
    {
        "item_id": "3369780000001496001",
        "Item_Name": "Wheel Balancer, Brand : HPA, Model : B45."
    },
    {
        "item_id": "3369780000001574001",
        "Item_Name": "Tool Trolley - Empty, Make : Europe"
    },
    {
        "item_id": "3369780000001598001",
        "Item_Name": "Parking Lifts, Mutrade - Model : HP1123."
    },
    {
        "item_id": "3369780000001614021",
        "Item_Name": "Diagnostic Tool, Foxwell Model I70II"
    },
    {
        "item_id": "3369780000001638001",
        "Item_Name": "90 X 120 X 180mm Rubber Block"
    },
    {
        "item_id": "3369780000001639001",
        "Item_Name": "Rubber Pad For 2 Post Lift (Rubber Pad assembly)"
    },
    {
        "item_id": "3369780000001641001",
        "Item_Name": "Installation Of Paint Booth"
    },
    {
        "item_id": "3369780000001642001",
        "Item_Name": "Installation Of Four Post Lift"
    },
    {
        "item_id": "3369780000001642010",
        "Item_Name": "Installation Of Two Post Lift"
    },
    {
        "item_id": "3369780000001684003",
        "Item_Name": "Isolator, 100A 440v 3pole"
    },
    {
        "item_id": "3369780000001701001",
        "Item_Name": "Emergency Switch"
    },
    {
        "item_id": "3369780000001684012",
        "Item_Name": "Transformer For Air Compressor"
    },
    {
        "item_id": "3369780000001693003",
        "Item_Name": "Auto Drain Valve For Air Drier"
    },
    {
        "item_id": "3369780000001695003",
        "Item_Name": "Repair Of Air Compressor By Triubleshooting The Electrical Fault, Replacement If Emergency Siitch Including Service Charges."
    },
    {
        "item_id": "3369780000001687005",
        "Item_Name": "Auto Drain Valve"
    },
    {
        "item_id": "3369780000001701036",
        "Item_Name": "Duty Cycle Controller For Air Compressor"
    },
    {
        "item_id": "3369780000001702035",
        "Item_Name": "Brake Lathe Cutting Tips"
    },
    {
        "item_id": "3369780000001683025",
        "Item_Name": "04465-06080, Pad Kit Brake Disc, FR"
    },
    {
        "item_id": "3369780000001700085",
        "Item_Name": "48510-09N91, Absorber Assy, Shock, Front RH"
    },
    {
        "item_id": "3369780000001700094",
        "Item_Name": "48520-09G41, Absorber Assy , Shock, Front LH"
    },
    {
        "item_id": "3369780000001726005",
        "Item_Name": "Relocation Of Two Post Lift"
    },
    {
        "item_id": "3369780000001728003",
        "Item_Name": "Relocation Of 4 Post Lift"
    },
    {
        "item_id": "3369780000001724017",
        "Item_Name": "Relocation Of Floor Mount Scissor Lift"
    },
    {
        "item_id": "3369780000001736017",
        "Item_Name": "Loading, Unloading And Trasportation Charges"
    },
    {
        "item_id": "3369780000001751003",
        "Item_Name": "Timer\/AMF Controller For Air Compressor"
    },
    {
        "item_id": "3369780000001775001",
        "Item_Name": "Vertical Pump, 10hp (7.5kw), 25 bar, 3ph"
    },
    {
        "item_id": "3369780000001775010",
        "Item_Name": "12 m Hose with gun"
    },
    {
        "item_id": "3369780000001775019",
        "Item_Name": "Industrial Vacuum Cleaner"
    },
    {
        "item_id": "3369780000001775028",
        "Item_Name": "4\" pipe line for above proposed vacuum cleaner"
    },
    {
        "item_id": "3369780000001775037",
        "Item_Name": "Foam Machine"
    },
    {
        "item_id": "3369780000001799001",
        "Item_Name": "Repair Of Burner For Paint Booth"
    },
    {
        "item_id": "3369780000001800001",
        "Item_Name": "Service Of Air Compressor DATO Including Oil"
    },
    {
        "item_id": "3369780000001849001",
        "Item_Name": "Servo Motor Control Box"
    },
    {
        "item_id": "3369780000001859001",
        "Item_Name": "XTOOL, H6PRO - Diagnostic Tool ( Smart Diagnostic Platform. )"
    },
    {
        "item_id": "3369780000001888001",
        "Item_Name": "Exchange Of Tyre Changer"
    },
    {
        "item_id": "3369780000001912001",
        "Item_Name": "Washing Hoist"
    },
    {
        "item_id": "3369780000001913001",
        "Item_Name": "Air Compressor"
    },
    {
        "item_id": "3369780000001925013",
        "Item_Name": "Tool Trolley - 368 pcs Tool set with 6 drawer trolley"
    },
    {
        "item_id": "3369780000001944001",
        "Item_Name": "Side Helper For Tyre Changer, Brand - GX, Model:- M12"
    },
    {
        "item_id": "3369780000001945001",
        "Item_Name": "Tyre Changer With Side Helping Arm, Model: Mounter 55, Brand : GX"
    },
    {
        "item_id": "3369780000001966029",
        "Item_Name": "Lever Less Mounting Head For Tyre Chager MOUNTER Series"
    },
    {
        "item_id": "3369780000002011001",
        "Item_Name": "Mounting Paste"
    },
    {
        "item_id": "3369780000002012001",
        "Item_Name": "Mounting Brush"
    },
    {
        "item_id": "3369780000002016001",
        "Item_Name": "Tools Trolley, 6 drawers - Without Tools"
    },
    {
        "item_id": "3369780000002000041",
        "Item_Name": "PCB Board For HPA Wheel Balancer - CPU P.C. BOARD 230V"
    },
    {
        "item_id": "3369780000002060001",
        "Item_Name": "Relocation of Tyre Changer"
    },
    {
        "item_id": "3369780000002060010",
        "Item_Name": "Relocation of Wheel Balancer"
    },
    {
        "item_id": "3369780000002060019",
        "Item_Name": "Relocation of Air Compressor"
    },
    {
        "item_id": "3369780000002060028",
        "Item_Name": "Relocation of AC Recycling Machine, Hydraulic Press, Hose reel and Oil pump"
    },
    {
        "item_id": "3369780000002138001",
        "Item_Name": "Digital Hose End Meter, Badger - Germany"
    },
    {
        "item_id": "3369780000002139019",
        "Item_Name": "Battery Tester, Model - BT715, FOXWELL"
    },
    {
        "item_id": "3369780000002140007",
        "Item_Name": "Impact Wrench 1\/2\" Drive"
    },
    {
        "item_id": "3369780000002172017",
        "Item_Name": "Door Protector For Two Post Lifts"
    },
    {
        "item_id": "3369780000002187001",
        "Item_Name": "Contactor For Air Compressor"
    },
    {
        "item_id": "3369780000002181017",
        "Item_Name": "Rim Protector For Tyre Chnager"
    },
    {
        "item_id": "3369780000002182003",
        "Item_Name": "Seal Kit"
    },
    {
        "item_id": "3369780000002180021",
        "Item_Name": "Air Hose Reel, 10m"
    },
    {
        "item_id": "3369780000002201003",
        "Item_Name": "Release Valve"
    },
    {
        "item_id": "3369780000002200003",
        "Item_Name": "Safety Lock Spring"
    },
    {
        "item_id": "3369780000002210001",
        "Item_Name": "Hydraulic Hose - Over Head"
    },
    {
        "item_id": "3369780000002212067",
        "Item_Name": "Air Compressor 7.5hp, 500 Litres Receiver Tank Capacity"
    },
    {
        "item_id": "3369780000002212076",
        "Item_Name": "Refrigerant Air Drier, 80 Cfm"
    },
    {
        "item_id": "3369780000002215001",
        "Item_Name": "Refrigerant Air Drier, 40 Cfm"
    },
    {
        "item_id": "3369780000002210014",
        "Item_Name": "Pre-Filter For 40CFM Unit"
    },
    {
        "item_id": "3369780000002212085",
        "Item_Name": "Fine-Filter For 40CFM Unit"
    },
    {
        "item_id": "3369780000002227001",
        "Item_Name": "Hose For Paint Booth Burner With Crimpped Fittings"
    },
    {
        "item_id": "3369780000002228001",
        "Item_Name": "Repair of Paint Booth Burner By Trouble Shooting The Electrical Fault Including Service Charges"
    },
    {
        "item_id": "3369780000002228010",
        "Item_Name": "1\/2\" FRLG"
    },
    {
        "item_id": "3369780000002250001",
        "Item_Name": "Air Compressor - Screw Compressors, Silent Model, Direct Driven Mounted On A 500 Litres Receiver Tank"
    },
    {
        "item_id": "3369780000002251001",
        "Item_Name": "Refrigerant Air Drier, 60cfm"
    },
    {
        "item_id": "3369780000002311071",
        "Item_Name": "10HP Screw compressor 500 LT tank, Mode: ACSCR-CD010-500"
    },
    {
        "item_id": "3369780000002322003",
        "Item_Name": "Service Of Air Compressor - 1000 Hrs, Replacement Of Oil And Oil Filter Including Flushing Of Old Oil And Service Charges."
    },
    {
        "item_id": "3369780000002344001",
        "Item_Name": "Spring"
    },
    {
        "item_id": "3369780000002336005",
        "Item_Name": "Four Post Lift Installation"
    },
    {
        "item_id": "3369780000002355001",
        "Item_Name": "Installation, Commissioning, and Testing of 22kw Air Compresor, Air Drier, 1000 Litres Air Receiver Tank and Filters"
    },
    {
        "item_id": "3369780000002369005",
        "Item_Name": "Power Pack Unit 3ph"
    },
    {
        "item_id": "3369780000002397001",
        "Item_Name": "Wheel Alignment Machine, Techo Vector 6 - Computer Based 3D Wheel Aligners"
    },
    {
        "item_id": "3369780000002398001",
        "Item_Name": "Wheel Alignment Machine, Techno Vector 8, Smart Light - Fast And Highly Precise Contact less Measurement For Lifts - 8218"
    },
    {
        "item_id": "3369780000002399001",
        "Item_Name": "Air Compressor - Screw Type, BAC - INDIA."
    },
    {
        "item_id": "3369780000002400001",
        "Item_Name": "Air Receiver Tank, 1000 Litres"
    },
    {
        "item_id": "3369780000002398010",
        "Item_Name": "Refrigerant Air Drier, 100 CFM"
    },
    {
        "item_id": "3369780000002398019",
        "Item_Name": "Pre Filter For 20hp Air Compressor"
    },
    {
        "item_id": "3369780000002401001",
        "Item_Name": "Fine Filter For 20hp Air Compressor"
    },
    {
        "item_id": "3369780000002405023",
        "Item_Name": "HANDLING CHARGES"
    },
    {
        "item_id": "3369780000002408001",
        "Item_Name": "STORAGE CHARGE - DXB"
    },
    {
        "item_id": "3369780000002413001",
        "Item_Name": "Hydraulic Hose"
    },
    {
        "item_id": "3369780000002409027",
        "Item_Name": "3\/4\" Air Hose With Crimpped Fittings"
    },
    {
        "item_id": "3369780000002416003",
        "Item_Name": "Ball Valve"
    },
    {
        "item_id": "3369780000002416012",
        "Item_Name": "5 Ton Trolley Jack"
    },
    {
        "item_id": "3369780000002405048",
        "Item_Name": "Impact Wrench 1\"  - SATA, USA"
    },
    {
        "item_id": "3369780000002422023",
        "Item_Name": "Xtool, Model H6EB, Diagnostic Tool"
    },
    {
        "item_id": "3369780000002465001",
        "Item_Name": "Bead Breaking Assembly"
    },
    {
        "item_id": "3369780000002464015",
        "Item_Name": "Rubber Pad For Tyre Changer MOUNTER 50 SERIES"
    },
    {
        "item_id": "3369780000002466001",
        "Item_Name": "Bush For Sude Helper"
    },
    {
        "item_id": "3369780000002477001",
        "Item_Name": "Filter Regulator Lubricator 1\/4\""
    },
    {
        "item_id": "3369780000002467025",
        "Item_Name": "Spiral Hose 8mm"
    },
    {
        "item_id": "3369780000002464026",
        "Item_Name": "Quick Coupler"
    },
    {
        "item_id": "3369780000002478001",
        "Item_Name": "Reducer 1\/2\" X 1\/4\""
    },
    {
        "item_id": "3369780000002479001",
        "Item_Name": "Male\/Female Plus Brass"
    },
    {
        "item_id": "3369780000002479010",
        "Item_Name": "Installation Charges"
    },
    {
        "item_id": "3369780000002467034",
        "Item_Name": "Rear Slip Plates 800 X 500 X 50"
    },
    {
        "item_id": "3369780000002496001",
        "Item_Name": "Installation Of Exhibition Stall At Automechanika Dubai As Per Quote Project ID 2023-0112"
    },
    {
        "item_id": "3369780000002498023",
        "Item_Name": "Inspection Charges"
    },
    {
        "item_id": "3369780000002519007",
        "Item_Name": "Installation, Commissioning, and Training of Wheel Alignment Machine"
    },
    {
        "item_id": "3369780000002531019",
        "Item_Name": "Air Compressor - Reciprocating, 10 Hp With 500 Litres Tank"
    },
    {
        "item_id": "3369780000002529009",
        "Item_Name": "Hoses And Fittings"
    },
    {
        "item_id": "3369780000002526011",
        "Item_Name": "Plumbing- Fixing Of Air Lines For Air Compressor"
    },
    {
        "item_id": "3369780000002542015",
        "Item_Name": "AIR OPERATED DOUBLE DIAPHRAGM PUMP,ALUMINIUM BODY,HYTREL DIAPHRAGM, 1\""
    },
    {
        "item_id": "3369780000002558003",
        "Item_Name": "Floor Filter for Paint Booth"
    },
    {
        "item_id": "3369780000002551087",
        "Item_Name": "Air Compressor - Screw Compressors, Silent Model, Direct Driven"
    },
    {
        "item_id": "3369780000002546029",
        "Item_Name": "Air Compressor - Reciprocating, 15hp (7.5hp + 7.5hp) Mounted On A 500 Litres Receiver Tank"
    },
    {
        "item_id": "3369780000002584005",
        "Item_Name": "Reinstallation Of 2 Post Lift"
    },
    {
        "item_id": "3369780000002626001",
        "Item_Name": "Repair And Calibration Of AC Recycling Machine"
    },
    {
        "item_id": "3369780000002627069",
        "Item_Name": "Pressure Washer Portable - 3hp, 150bar"
    },
    {
        "item_id": "3369780000002741003",
        "Item_Name": "Hydraulic Oil"
    },
    {
        "item_id": "3369780000002747003",
        "Item_Name": "Replacement Of Shaft Assembly For Brake Tester Including Service Charges"
    },
    {
        "item_id": "3369780000002748007",
        "Item_Name": "Wheel Balancing weight - steel (5 grm)"
    },
    {
        "item_id": "3369780000002740053",
        "Item_Name": "Wheel Balancer Weight - Steel (10 Grm)"
    },
    {
        "item_id": "3369780000002749081",
        "Item_Name": "Wheel Balancer Weight- Steel (15 Grm)"
    },
    {
        "item_id": "3369780000002749090",
        "Item_Name": "Wheel Balancer Weight-steel (20 Grm)"
    },
    {
        "item_id": "3369780000002750005",
        "Item_Name": "Wheel Balancer Weight-steel (25 Grm)"
    },
    {
        "item_id": "3369780000002757009",
        "Item_Name": "Wheel Balancer Weight-steel (30 Grm)"
    },
    {
        "item_id": "3369780000002744003",
        "Item_Name": "Wheel Balancer Weight-steel (35 Grm)"
    },
    {
        "item_id": "3369780000002750014",
        "Item_Name": "Wheel Balancer Weight-steel (40 Grm)"
    },
    {
        "item_id": "3369780000002760005",
        "Item_Name": "Wheel Balancer Weight-steel (45 Grm)"
    },
    {
        "item_id": "3369780000002758013",
        "Item_Name": "Wheel Balancer Weight-steel (50 Grm)"
    },
    {
        "item_id": "3369780000002747030",
        "Item_Name": "Wheel Balancer Weight-steel (60 Grm)"
    },
    {
        "item_id": "3369780000002756031",
        "Item_Name": "Wheel Balancer Weight-alloy (5 Grm)"
    },
    {
        "item_id": "3369780000002740062",
        "Item_Name": "Wheel Balancer Weight-alloy (10 Grm)"
    },
    {
        "item_id": "3369780000002749099",
        "Item_Name": "Wheel Balancer Weight-alloy (15 Grm)"
    },
    {
        "item_id": "3369780000002748016",
        "Item_Name": "Wheel Balancer Weight-alloy (20 Grm)"
    },
    {
        "item_id": "3369780000002755031",
        "Item_Name": "Wheel Balancer Weight-alloy (25 Grm)"
    },
    {
        "item_id": "3369780000002742023",
        "Item_Name": "Wheel Balancer Weight-alloy (30 Grm)"
    },
    {
        "item_id": "3369780000002741030",
        "Item_Name": "Wheel Balancer Weight-alloy (35 Grm)"
    },
    {
        "item_id": "3369780000002762029",
        "Item_Name": "Wheel Balancer Weight-alloy (40 Grm)"
    },
    {
        "item_id": "3369780000002745039",
        "Item_Name": "Wheel Balancer Weight-alloy (45 Grm)"
    },
    {
        "item_id": "3369780000002743071",
        "Item_Name": "Wheel Balancer Weight-alloy (50grm)"
    },
    {
        "item_id": "3369780000002745048",
        "Item_Name": "Wheel Balancer Weight-alloy (60grm)"
    },
    {
        "item_id": "3369780000002745057",
        "Item_Name": "Wheel Balancer Weight -alloy  4\u00d74(10grm)"
    },
    {
        "item_id": "3369780000002748025",
        "Item_Name": "Wheel Balancer Weight-alloy 4\u00d74 (15grm)"
    },
    {
        "item_id": "3369780000002757018",
        "Item_Name": "Wheel Balancer Weight-alloy 4\u00d74(20grm)"
    },
    {
        "item_id": "3369780000002740071",
        "Item_Name": "Wheel Balancer Weight-alloy 4\u00d74(25grm)"
    },
    {
        "item_id": "3369780000002745066",
        "Item_Name": "Wheel Balancer Weight-alloy 4\u00d74(30grm)"
    },
    {
        "item_id": "3369780000002744012",
        "Item_Name": "Wheel Balancer Weight-alloy 4\u00d74(35grm)"
    },
    {
        "item_id": "3369780000002762038",
        "Item_Name": "Wheel Balancer Weight-alloy 4\u00d74(40grm)"
    },
    {
        "item_id": "3369780000002742032",
        "Item_Name": "Wheel Balancer Weight-alloy 4\u00d74( 45grm)"
    },
    {
        "item_id": "3369780000002747039",
        "Item_Name": "Wheel Balancer Weight-alloy 4\u00d74(50grm)"
    },
    {
        "item_id": "3369780000002749108",
        "Item_Name": "Wheel Balancer Weight-alloy 4\u00d74(60grm)"
    },
    {
        "item_id": "3369780000002760014",
        "Item_Name": "Adhesive Weights-60grm"
    },
    {
        "item_id": "3369780000002743080",
        "Item_Name": "PM Service Of Motor Cycle Lane"
    },
    {
        "item_id": "3369780000002750049",
        "Item_Name": "AMC - Paint Booth"
    },
    {
        "item_id": "3369780000002744119",
        "Item_Name": "Service of Air Compressor - Replacement High temp Gasket Seal,  Oil Filer, Air Filter, Air Oil Seperator, Air Compressor Oil including Service charges"
    },
    {
        "item_id": "3369780000002764001",
        "Item_Name": "PM Serive For Brake Tester - Mobile Unit"
    },
    {
        "item_id": "3369780000002745075",
        "Item_Name": "PM Serive For Combined Emission Tester"
    },
    {
        "item_id": "3369780000002742117",
        "Item_Name": "PM Serive For Brake Tester"
    },
    {
        "item_id": "3369780000002777001",
        "Item_Name": "AC820807 GAS 2-head Pump"
    },
    {
        "item_id": "3369780000002779001",
        "Item_Name": "AC820869 OPA CPU board V2"
    },
    {
        "item_id": "3369780000002779010",
        "Item_Name": "AC820803 GAS Filter for pumpprotection"
    },
    {
        "item_id": "3369780000002778005",
        "Item_Name": "AC820804 GAS Oxygen sensor"
    },
    {
        "item_id": "3369780000002767003",
        "Item_Name": "CS122029  Spare part management fee"
    },
    {
        "item_id": "3369780000002778014",
        "Item_Name": "Deliverycosts"
    },
    {
        "item_id": "3369780000002784001",
        "Item_Name": "AC820868 Gas bench 3201 CO, CO2, HC"
    },
    {
        "item_id": "3369780000002785001",
        "Item_Name": "AC820851 OPA RS232 & 230 VAC cord"
    },
    {
        "item_id": "3369780000002784018",
        "Item_Name": "CO Probe For Emission Tester"
    },
    {
        "item_id": "3369780000002856001",
        "Item_Name": "Calibration Of Brake Tester"
    },
    {
        "item_id": "3369780000002857001",
        "Item_Name": "Calibration Of Emission Tester"
    },
    {
        "item_id": "3369780000002866001",
        "Item_Name": "Contactor Mini 100-K12DJ01"
    },
    {
        "item_id": "3369780000002871001",
        "Item_Name": "Contactor"
    },
    {
        "item_id": "3369780000002884001",
        "Item_Name": "Hydraulic Hose For Scissor Lifts"
    },
    {
        "item_id": "3369780000002887001",
        "Item_Name": "CD314039 , BM FC Smartphone\/Tablet - BM3201 Gas-Smoke Link"
    },
    {
        "item_id": "3369780000002887010",
        "Item_Name": "AC820809 , GAS CPU Board"
    },
    {
        "item_id": "3369780000002887019",
        "Item_Name": "CS113000 , Delivery Cost"
    },
    {
        "item_id": "3369780000002902001",
        "Item_Name": "Configuration of Motorcycle Lane"
    },
    {
        "item_id": "3369780000002908023",
        "Item_Name": "Preventive MAaintenance Of Brake Tester"
    },
    {
        "item_id": "3369780000002911015",
        "Item_Name": "Preventive Maintenance Of Emission Tester"
    },
    {
        "item_id": "3369780000002923001",
        "Item_Name": "AC313093 - Rocker travers BM14 1000mm left"
    },
    {
        "item_id": "3369780000002924001",
        "Item_Name": "AC253045 - Sensor roller BM14\/BM18\/BM20 000 1000mm"
    },
    {
        "item_id": "3369780000002925001",
        "Item_Name": "AC422000 - Inductive sensor 5m"
    },
    {
        "item_id": "3369780000002926001",
        "Item_Name": "AB131038 - On-off plate BM12000 VOSA"
    },
    {
        "item_id": "3369780000002927001",
        "Item_Name": "AC225033 - Shock absorber BM12 \/ BM14 VOSA"
    },
    {
        "item_id": "3369780000002928001",
        "Item_Name": "AC246097 - Bearing UCFL 204."
    },
    {
        "item_id": "3369780000002958001",
        "Item_Name": "Emission Tester - BM 3201"
    },
    {
        "item_id": "3369780000003012595",
        "Item_Name": "CD112009 - BM3010 Brake tester"
    },
    {
        "item_id": "3369780000003026001",
        "Item_Name": "CD321017 - 4 \u00a0x 1000 x 150 mm rollers - Above gives wheel track of 800 mm to 2800 mm"
    },
    {
        "item_id": "3369780000003022011",
        "Item_Name": "CD325221 - 4. Alu ramps 900 x 2360 mm BM3\/5"
    },
    {
        "item_id": "3369780000003021051",
        "Item_Name": "CD325006 - Wheel and lifting bar BM1\/3\/4\/5"
    },
    {
        "item_id": "3369780000003016007",
        "Item_Name": "AC413064 Printboard MCPU X010 Turbo"
    },
    {
        "item_id": "3369780000003033001",
        "Item_Name": "CD311039 - Mobile device for display"
    },
    {
        "item_id": "3369780000003033010",
        "Item_Name": "CD311012 - Wall device for display X010 incl Main switch"
    },
    {
        "item_id": "3369780000003033019",
        "Item_Name": "CD311007 - Floor device for display X010"
    },
    {
        "item_id": "3369780000003033028",
        "Item_Name": "CD312025 - Cable extension of +5 m X010"
    },
    {
        "item_id": "3369780000003033037",
        "Item_Name": "CD311084 - Auto weight 4TD BM1\/3\/4 300\/600\/750\/1000 mm & W+EF - Weight and brake efficiency will be shown digitally in the physical display"
    },
    {
        "item_id": "3369780000003033046",
        "Item_Name": "CD325115 - On-floor mounting kit for BM3\/BM5 with weight"
    },
    {
        "item_id": "3369780000003033055",
        "Item_Name": "CD313000 - Reversible 1,1 \/ 2,2 \/ 3,8 kW - Above option for test of constant 4x4."
    },
    {
        "item_id": "3369780000003033064",
        "Item_Name": "CD313006 - Electrical motorbrake"
    },
    {
        "item_id": "3369780000003033073",
        "Item_Name": "CD321042 - Flintstone-Epoxy surfaced rollers"
    },
    {
        "item_id": "3369780000003033082",
        "Item_Name": "CD315018 - A4 Laser printer incl. software"
    },
    {
        "item_id": "3369780000003033091",
        "Item_Name": "CD315005 - Name on printout - Please inform company details - total 6 lines."
    },
    {
        "item_id": "3369780000003033100",
        "Item_Name": "CD315007 - Cabinet for printer"
    },
    {
        "item_id": "3369780000003033109",
        "Item_Name": "CD315026 - Printer cable ext. MOXA Seriel\/LAN 35 m Flash"
    },
    {
        "item_id": "3369780000003033118",
        "Item_Name": "CD322025 - Cover plates roller BM3 (1000 mm)\/BM5"
    },
    {
        "item_id": "3369780000003033127",
        "Item_Name": "CD312032 - Cable for power supply 20m 2,2 kW 16A  (5x2,5)"
    },
    {
        "item_id": "3369780000003033136",
        "Item_Name": "CS900000 - ANDROID APP"
    },
    {
        "item_id": "3369780000003033145",
        "Item_Name": "CD316101 - Radio link Advanced Indoor PC and Smartphone\/Table"
    },
    {
        "item_id": "3369780000003033154",
        "Item_Name": "CD316132 - MOXA-TCP-Direct x010 RS232-Link"
    },
    {
        "item_id": "3369780000003033163",
        "Item_Name": "CD316118 - Android Phone or Tablet App  X010\/X200 Brake Test"
    },
    {
        "item_id": "3369780000003033172",
        "Item_Name": "CD316126 - Android App Wifi Printout\/PDF module"
    },
    {
        "item_id": "3369780000003033409",
        "Item_Name": "Gear Motor - Refurbished"
    },
    {
        "item_id": "3369780000003033418",
        "Item_Name": "Oil Tank"
    },
    {
        "item_id": "3369780000003113001",
        "Item_Name": "Seal For Pressure Washer"
    },
    {
        "item_id": "3369780000003114001",
        "Item_Name": "Spacer Pads For Scissor Lifts"
    },
    {
        "item_id": "3369780000003138001",
        "Item_Name": "Electric Cable"
    },
    {
        "item_id": "3369780000003139001",
        "Item_Name": "Diesel Tank For Paint Booth"
    },
    {
        "item_id": "3369780000003176079",
        "Item_Name": "AC820811 - GAS\/OPA 3200N LCD screen configurated in 6800"
    },
    {
        "item_id": "3369780000003235001",
        "Item_Name": "AC115084 - Brake kit 135 Nm for BM33+37+38+40+41"
    },
    {
        "item_id": "3369780000003235010",
        "Item_Name": "Crane Charges"
    },
    {
        "item_id": "3369780000003327001",
        "Item_Name": "startet support-hour"
    },
    {
        "item_id": "3369780000003329001",
        "Item_Name": "AC142108 Softstart 400-480V\/25A SMC3DA4025"
    },
    {
        "item_id": "3369780000003327010",
        "Item_Name": "AC116031 Gear NO SK1S163 BM4000"
    },
    {
        "item_id": "3369780000003329010",
        "Item_Name": "AC142122 Softstart\/brake 400-480V\/25A"
    },
    {
        "item_id": "3369780000003330001",
        "Item_Name": "AC142136 Contactor Mini 100-K12DJ01"
    },
    {
        "item_id": "3369780000003332027",
        "Item_Name": "CS122021 - Technician pr. hour,"
    },
    {
        "item_id": "3369780000003327019",
        "Item_Name": "CD316066 - BM FlexCheck system SF000393"
    },
    {
        "item_id": "3369780000003369001",
        "Item_Name": "PM Service Of Smoke Tester"
    },
    {
        "item_id": "3369780000003375019",
        "Item_Name": "AC820801 GAS FILTER FOR DECANTER"
    },
    {
        "item_id": "3369780000003379129",
        "Item_Name": "Two Post Lift Clear floor  Electro Hydraulic Two Post Lift with 4.5 ton lifting capacity  - Brand : GX - Model : ARCH 4.5"
    },
    {
        "item_id": "3369780000003393001",
        "Item_Name": "CD332002 - BM3201 Combined 4-Gas\/Diesel smoke tester"
    },
    {
        "item_id": "3369780000003393010",
        "Item_Name": "CD332005 - BM3201 Trolley indoor only"
    },
    {
        "item_id": "3369780000003393019",
        "Item_Name": "CD332006 - BM3201 NOx kit"
    },
    {
        "item_id": "3369780000003393028",
        "Item_Name": "CD332009 - BM320x High tail pipe pole Diesel without hose"
    },
    {
        "item_id": "3369780000003393037",
        "Item_Name": "CD332202 - Update to 4,5 meter hose for Opa tester"
    },
    {
        "item_id": "3369780000003393046",
        "Item_Name": "CS900000 - Eksternal RPM AND TEMP:"
    },
    {
        "item_id": "3369780000003393055",
        "Item_Name": "CD332015 - BM1220 - Bluetooth - Base unit"
    },
    {
        "item_id": "3369780000003393064",
        "Item_Name": "CD332062 - BM8533 RPM Bluetooth Vibration sensor and Battery"
    },
    {
        "item_id": "3369780000003393109",
        "Item_Name": "CD316034 - BM FC Smartphone\/Tablet FlexCheck - Quote does not include Android phone or Tablet hardware, which shall be purchased locally."
    },
    {
        "item_id": "3369780000003394001",
        "Item_Name": "AC115177 - Gearm.SK373.1 230\/400V 50Hz 66rpm 1,1Kw"
    },
    {
        "item_id": "3369780000003412015",
        "Item_Name": "Scissor Lift With Play Detector , Model SCISOR 55PD"
    },
    {
        "item_id": "3369780000003414179",
        "Item_Name": "PM service charges as per AMC contract at NTT - Dibba"
    },
    {
        "item_id": "3369780000003414238",
        "Item_Name": "PM service charges as per AMC contract at Tamam Vehicle Testing - Ras Al Khor"
    },
    {
        "item_id": "3369780000003478017",
        "Item_Name": "Shipping Cost"
    },
    {
        "item_id": "3369780000003500001",
        "Item_Name": "Hydraulic Press , Model PRC30 , Mega - Spain , 30T Capacity"
    },
    {
        "item_id": "3369780000003501001",
        "Item_Name": "Hydraulic Press , Model PRB30 , Mega - Spain , 30T Capacity"
    },
    {
        "item_id": "3369780000003542841",
        "Item_Name": "BM2600 - Head Lamp Aligner"
    },
    {
        "item_id": "3369780000003546001",
        "Item_Name": "Waste Oil Suction Unit"
    },
    {
        "item_id": "3369780000003570325",
        "Item_Name": "AC820806 - GAS Decanter"
    },
    {
        "item_id": "3369780000003570334",
        "Item_Name": "AC142082 - Contactor 100-C30KF00"
    },
    {
        "item_id": "3369780000003669001",
        "Item_Name": "TRAVERS Left"
    },
    {
        "item_id": "3369780000003669026",
        "Item_Name": "TRAVERS Right"
    },
    {
        "item_id": "3369780000003669107",
        "Item_Name": "CS122029 - Spare part management fee"
    },
    {
        "item_id": "3369780000003752913",
        "Item_Name": "CD316066 - BM FlexCheck system SF000349"
    },
    {
        "item_id": "3369780000003761001",
        "Item_Name": "CD332004 - BM3200 Diesel smoke Tester"
    },
    {
        "item_id": "3369780000003761110",
        "Item_Name": "CD112021 - BM4010 Brake tester"
    },
    {
        "item_id": "3369780000003761123",
        "Item_Name": "CD311072 - Display packet with man.weight"
    },
    {
        "item_id": "3369780000003761132",
        "Item_Name": "CD311082 - Ovality (digital read out) X010"
    },
    {
        "item_id": "3369780000003761141",
        "Item_Name": "CD313026 - Soft starter of gear motors 1,1 - 7,5 kW"
    },
    {
        "item_id": "3369780000003761150",
        "Item_Name": "CD316064 - MOXA-RS232 link"
    },
    {
        "item_id": "3369780000003761159",
        "Item_Name": "CD321056 - 5 km\/h test speed for BM4000"
    },
    {
        "item_id": "3369780000003761168",
        "Item_Name": "CD325096 - Auto weight 4TD BM4 750 mm"
    },
    {
        "item_id": "3369780000003761177",
        "Item_Name": "CD321055 - 4 x 750 x 182 mm rollers"
    },
    {
        "item_id": "3369780000003761186",
        "Item_Name": "CD322044 - Centre cover plate BM4 750\/1000 mm"
    },
    {
        "item_id": "3369780000003761195",
        "Item_Name": "CD313086 - Control box separate X010"
    },
    {
        "item_id": "3369780000003761204",
        "Item_Name": "CD323054 - Subframe for weight (4) 750 mm"
    },
    {
        "item_id": "3369780000003761213",
        "Item_Name": "CD317021 - Powersupply 3x400V + E"
    },
    {
        "item_id": "3369780000003761222",
        "Item_Name": "CD921016 - BM40000 Suspension tester 2 T split"
    },
    {
        "item_id": "3369780000003761231",
        "Item_Name": "CD923013 - Sub frame BM40000 ST Split bed"
    },
    {
        "item_id": "3369780000003761240",
        "Item_Name": "CD921005 - Side slip tester BM800"
    },
    {
        "item_id": "3369780000003761265",
        "Item_Name": "CD923001 - Sub frame for side slip tester"
    },
    {
        "item_id": "3369780000003761274",
        "Item_Name": "CD316230 - PC Cabinet -Slim 330 mm - Note that this PC cabinet is slim (only 330 mm), so the PC hardware needs to be a \"Mini PC\" type."
    },
    {
        "item_id": "3369780000003761283",
        "Item_Name": "CD316038 - BM FC Server X010 - Customer supplies PC hardware and Printer locally."
    },
    {
        "item_id": "3369780000003761292",
        "Item_Name": "CD316036 - BM FC Client X010 - Customer supplies PC hardware and Printer locally."
    },
    {
        "item_id": "3369780000003761301",
        "Item_Name": "CD316063 - BM FC PC-PDA\/Phone\/Tablet link"
    },
    {
        "item_id": "3369780000003761310",
        "Item_Name": "CD316127 - Multi Lane Wifi Controller+Switch package"
    },
    {
        "item_id": "3369780000003764001",
        "Item_Name": "Repair of Air Drier By Filling Gas, Electrical Faults, and Service."
    },
    {
        "item_id": "3369780000003764010",
        "Item_Name": "Software Reinstalltion, Repair And Service Of Brake Tester Including Service Charges."
    },
    {
        "item_id": "3369780000003749381",
        "Item_Name": "CD316119 - Android Phone or Tablet App X010\/X200 Brake Test - Customer purchases Android hardware lokally."
    },
    {
        "item_id": "3369780000003767003",
        "Item_Name": "NEW SOFTWARE INSTALLATION OF AUTOPSTENHOJ TEST MASTER 2 ( ACTIVE RECEPTION)"
    },
    {
        "item_id": "3369780000003768001",
        "Item_Name": "RAV640.4.46I -  ELECTRO-HYDRAULIC SCISSOR LIFTS"
    },
    {
        "item_id": "3369780000003768010",
        "Item_Name": "VAR640REV - SPECIAL VERSION FOR VEHICLE INSPECTION CENTRES HIGH SPEED"
    },
    {
        "item_id": "3369780000003768019",
        "Item_Name": "VARS650A7 - ELECTRO-HYDRAULIC SCISSOR LIFTS LIGHTING KIT WITH LED"
    },
    {
        "item_id": "3369780000003768028",
        "Item_Name": "VS1078 - SPECIAL VERSION FOR VEHICLE INSPECTION CENTRES EXTRA SPEED"
    },
    {
        "item_id": "3369780000003771001",
        "Item_Name": "AC313094 - Rocker travers BM14 1000mm Right"
    },
    {
        "item_id": "3369780000003776001",
        "Item_Name": "Rubber Pad 40 MM"
    },
    {
        "item_id": "3369780000003780001",
        "Item_Name": "CD325097 - Auto weight 4TD BM4 1000 mm"
    },
    {
        "item_id": "3369780000003780010",
        "Item_Name": "CD321044 - 4 x 1000 x 182 mm rollers"
    },
    {
        "item_id": "3369780000003780019",
        "Item_Name": "CD323039 - Subframe for weight (4) 1000 mm"
    },
    {
        "item_id": "3369780000003780028",
        "Item_Name": "CD332033 - Upgrade to 2,5 meter hose for Opa   tester"
    },
    {
        "item_id": "3369780000003795143",
        "Item_Name": "CD332003 - BM3201 4-Gas Tester"
    },
    {
        "item_id": "3369780000003804001",
        "Item_Name": "BM4010 Brake tester"
    },
    {
        "item_id": "3369780000003805001",
        "Item_Name": "BM40000 Suspension tester 2 T split"
    },
    {
        "item_id": "3369780000003805014",
        "Item_Name": "BM Flexcheck - Client"
    },
    {
        "item_id": "3369780000003805043",
        "Item_Name": "BM3201 Combined Emission Tester"
    },
    {
        "item_id": "3369780000003805062",
        "Item_Name": "BM800 Side Slip Tester"
    },
    {
        "item_id": "3369780000003832001",
        "Item_Name": "Customs Duty"
    },
    {
        "item_id": "3369780000003855001",
        "Item_Name": "CD112029 - BM1010 Brake Tester exclusive roller bed(s)"
    },
    {
        "item_id": "3369780000003855010",
        "Item_Name": "CD311004 - Man.weight \/ Deceleration (P)"
    },
    {
        "item_id": "3369780000003855019",
        "Item_Name": "CD325142 - Automatic weight for one roller bed"
    },
    {
        "item_id": "3369780000003855028",
        "Item_Name": "CD325151 - One unit roller bed 300 mm 1,1 kW"
    },
    {
        "item_id": "3369780000003855037",
        "Item_Name": "CD312036 - Quick Connectors for power and signal cable BM3"
    },
    {
        "item_id": "3369780000003855046",
        "Item_Name": "CD325166 - Onground frame for one unit bed BM1"
    },
    {
        "item_id": "3369780000003855055",
        "Item_Name": "CD324008 - Calibration tool daN PV BM1-7"
    },
    {
        "item_id": "3369780000003855064",
        "Item_Name": "CD325150 - 2 drive ON\/OFF ramps each 1x2 m for BM1\/4"
    },
    {
        "item_id": "3369780000003856001",
        "Item_Name": "BM1010 - Motorcycle Brake Tester"
    },
    {
        "item_id": "3369780000003862392",
        "Item_Name": "Two Post Lift Clear floor - Electro Hydraulic Two Post Lift with 4.5 ton lifting capacity with Electrical Lock. Brand : GX, Model : ARCH 4.5"
    },
    {
        "item_id": "3369780000003913025",
        "Item_Name": "Rubber Pad 80mm"
    },
    {
        "item_id": "3369780000003913122",
        "Item_Name": "Cone Kit"
    },
    {
        "item_id": "3369780000003913131",
        "Item_Name": "Screw Nut for Mounter 90"
    },
    {
        "item_id": "3369780000003913140",
        "Item_Name": "Demount Head - Plastic"
    },
    {
        "item_id": "3369780000003922009",
        "Item_Name": "Solid Core Rubber Pad 160*120*100mm"
    },
    {
        "item_id": "3369780000003908051",
        "Item_Name": "Seal Kit - ARCH4.5"
    },
    {
        "item_id": "3369780000003908060",
        "Item_Name": "Check Valve (One way valve)"
    },
    {
        "item_id": "3369780000003908069",
        "Item_Name": "Pressure Valve (Overflow Valve) for 2 post lift"
    },
    {
        "item_id": "3369780000003908078",
        "Item_Name": "Seal kit for 40C main cylinder"
    },
    {
        "item_id": "3369780000003908087",
        "Item_Name": "Seal Kit for 40C sub cylinder"
    },
    {
        "item_id": "3369780000003908096",
        "Item_Name": "Sub Cylinder for 40C"
    },
    {
        "item_id": "3369780000003908349",
        "Item_Name": "Power Pack 1ph for 2 post lift"
    },
    {
        "item_id": "3369780000003937433",
        "Item_Name": "Lowering Valve for 2 post lift ARCH45"
    },
    {
        "item_id": "3369780000003949001",
        "Item_Name": "Throttle Valve for Two Post Lift ARCH45"
    },
    {
        "item_id": "3369780000003949010",
        "Item_Name": "Relief Valve (Cushion Valve) for two post lift"
    },
    {
        "item_id": "3369780000003949019",
        "Item_Name": "Oil Tank Cap for Two Post Lift ARCH45"
    },
    {
        "item_id": "3369780000003949028",
        "Item_Name": "Suction Filter for Two Post Lift ARCH45"
    },
    {
        "item_id": "3369780000003949037",
        "Item_Name": "Electronic Board - Main Board for SCIZOR45"
    },
    {
        "item_id": "3369780000003949046",
        "Item_Name": "Seal Kit - SCIZOR45 - Complete"
    },
    {
        "item_id": "3369780000003949064",
        "Item_Name": "Electronic Board - Main Board for SCIZOR55"
    },
    {
        "item_id": "3369780000003949073",
        "Item_Name": "Seal Kit - SCIZOR55 - Complete"
    },
    {
        "item_id": "3369780000003971125",
        "Item_Name": "AC215063 - EURO Pallet"
    },
    {
        "item_id": "3369780000003991172",
        "Item_Name": "Battery Analyzer BT100"
    },
    {
        "item_id": "3369780000004000979",
        "Item_Name": "AC115148 - Gearm.SK63bre135 220\/400V 50Hz 54rpm 15Kw"
    },
    {
        "item_id": "3369780000004005344",
        "Item_Name": "AC820806 - GAS Decanter."
    },
    {
        "item_id": "3369780000004005431",
        "Item_Name": "TS100 Tire Pressure Sensor Xtool"
    },
    {
        "item_id": "3369780000004005444",
        "Item_Name": "TP150 Tire Pressure Tool Xtool"
    },
    {
        "item_id": "3369780000004005453",
        "Item_Name": "H6EB - Diagnostic tool - Xtool"
    },
    {
        "item_id": "3369780000004005462",
        "Item_Name": "H6Pro - Diagnostic Tool - Xtool"
    },
    {
        "item_id": "3369780000003984265",
        "Item_Name": "Nitrogen Inflator for Car and Light Truck Tyres - Brand GX, Model Nitro 2.0"
    },
    {
        "item_id": "3369780000003984640",
        "Item_Name": "Extendable Wrench for Wheel Alignment"
    },
    {
        "item_id": "3369780000003984893",
        "Item_Name": "Wheel Clamp\/Tyre Clamp - 2 point"
    },
    {
        "item_id": "3369780000004010016",
        "Item_Name": "Calibration Tools for Brake Tester"
    },
    {
        "item_id": "3369780000004010225",
        "Item_Name": "AC2530190 - Sensor Roller F\/BM14 1000mm 12 hols"
    },
    {
        "item_id": "3369780000004010234",
        "Item_Name": "AC423000 - Transducer Break force pull or push."
    },
    {
        "item_id": "3369780000004010543",
        "Item_Name": "Air Compressor 15hp with 500l Receiver Tank, BAC - Inidia"
    },
    {
        "item_id": "3369780000004021112",
        "Item_Name": "Repair of Brake Roller Shaft Assembly"
    },
    {
        "item_id": "3369780000004067113",
        "Item_Name": "CD941005 - Play Detector"
    },
    {
        "item_id": "3369780000004093067",
        "Item_Name": "Service of Air Compressor - Service Of Cooler Assmenly, Replacemnt Of oil filer, air filter, air oil Seperator, Air Compressor Oil including service charges"
    },
    {
        "item_id": "3369780000004116001",
        "Item_Name": "T SHIRT - COLLER - MENS"
    },
    {
        "item_id": "3369780000004154001",
        "Item_Name": "Communication Cable"
    },
    {
        "item_id": "3369780000004212001",
        "Item_Name": "CD311109 - Floor device for large display X010"
    },
    {
        "item_id": "3369780000004212066",
        "Item_Name": "DS600 - Car Diagnostic Tool"
    },
    {
        "item_id": "3369780000004212075",
        "Item_Name": "AJ600 - Injector Cleaner"
    },
    {
        "item_id": "3369780000004212084",
        "Item_Name": "PB100 - Circuit Tester"
    },
    {
        "item_id": "3369780000004212093",
        "Item_Name": "W655- Endoscope"
    },
    {
        "item_id": "3369780000004212102",
        "Item_Name": "BD200 - Code Reder"
    },
    {
        "item_id": "3369780000004212111",
        "Item_Name": "S3000 - Smoke Leak Tester"
    },
    {
        "item_id": "3369780000004212142",
        "Item_Name": "V6 PRO - Car Diagnostic Tool"
    },
    {
        "item_id": "3369780000004220003",
        "Item_Name": "AC820856 - Emitter - detector board"
    },
    {
        "item_id": "3369780000004220012",
        "Item_Name": "AC820874 - OPA receiver board"
    },
    {
        "item_id": "3369780000004234061",
        "Item_Name": "CD316066 - BM FlexCheck system SF000347"
    },
    {
        "item_id": "3369780000004248087",
        "Item_Name": "TRANSPORTATION CHARGE"
    },
    {
        "item_id": "3369780000004248134",
        "Item_Name": "Other Charges"
    },
    {
        "item_id": "3369780000004248233",
        "Item_Name": "Customs Clearence Charges"
    },
    {
        "item_id": "3369780000004291085",
        "Item_Name": "Mounting Head"
    },
    {
        "item_id": "3369780000004306059",
        "Item_Name": "Mounting head for liverless assembly (GX Mounter 55)"
    },
    {
        "item_id": "3369780000004387009",
        "Item_Name": "Pneumatic lock sleeve"
    },
    {
        "item_id": "3369780000004418035",
        "Item_Name": "Tool Trolley - with 251 pcs tools"
    },
    {
        "item_id": "3369780000004418108",
        "Item_Name": "OBDII Adapter - OBD Scan Tool - ANCEL BD200"
    },
    {
        "item_id": "3369780000004430001",
        "Item_Name": "Diesel Tank Pramec"
    },
    {
        "item_id": "3369780000004427208",
        "Item_Name": "Exhaust Pipe"
    },
    {
        "item_id": "3369780000004431001",
        "Item_Name": "Battery Charger"
    },
    {
        "item_id": "3369780000004419025",
        "Item_Name": "Diesel Tank"
    },
    {
        "item_id": "3369780000004438267",
        "Item_Name": "Pressure washer camaro L3500H"
    },
    {
        "item_id": "3369780000004438276",
        "Item_Name": "Pressure washer camaro X6000"
    },
    {
        "item_id": "3369780000004438309",
        "Item_Name": "Grease Pump GZ-8"
    },
    {
        "item_id": "3369780000004438318",
        "Item_Name": "Grease Pump GZ-X35194"
    },
    {
        "item_id": "3369780000004438327",
        "Item_Name": "Grease Barrel Pump GZ9T"
    },
    {
        "item_id": "3369780000004444003",
        "Item_Name": "Green Cap"
    },
    {
        "item_id": "3369780000004449001",
        "Item_Name": "Tyre Mounting Paste"
    },
    {
        "item_id": "3369780000004458017",
        "Item_Name": "Mid Rise Lift - Model - Scizor 30 - Brand: GX"
    },
    {
        "item_id": "3369780000004477001",
        "Item_Name": "Hose for Emission Tester"
    },
    {
        "item_id": "3369780000004509001",
        "Item_Name": "Power Supply Assembly And Cord"
    },
    {
        "item_id": "3369780000004514001",
        "Item_Name": "Wheel Alignment Machine, Four camera  Brand : TechnoVector, Model: 7204 TAS Make: European Without Cabinet"
    },
    {
        "item_id": "3369780000004527045",
        "Item_Name": "Wheel Clamp\/Tyre Clamp"
    },
    {
        "item_id": "3369780000004549055",
        "Item_Name": "Civil Work for two post lift"
    },
    {
        "item_id": "3369780000004549280",
        "Item_Name": "CD111015 - BM20200 Brake tester"
    },
    {
        "item_id": "3369780000004549317",
        "Item_Name": "CD317010 -  Illumination of point meters"
    },
    {
        "item_id": "3369780000004549326",
        "Item_Name": "CD325010 - Automatisk weight 4TD BM3"
    },
    {
        "item_id": "3369780000004549335",
        "Item_Name": "CD314003 - IR system X010"
    },
    {
        "item_id": "3369780000004549344",
        "Item_Name": "CD322080 - Cover plate MC Split BM3\/BM5"
    },
    {
        "item_id": "3369780000004549353",
        "Item_Name": "CD325220 - 4. Alu ramps 600 x 2360 mm BM3\/5"
    },
    {
        "item_id": "3369780000004549362",
        "Item_Name": "CD312029 - Cable power sup. 20m 4,8 kW 32A (5x6)"
    },
    {
        "item_id": "3369780000004549371",
        "Item_Name": "CD314017 - BM FC Smartphone\/Tablet - BMX010 BT Link"
    },
    {
        "item_id": "3369780000004549380",
        "Item_Name": "CD325180 - Sideslip mounting in drive-on ramp BM3\/5\/20"
    },
    {
        "item_id": "3369780000004549389",
        "Item_Name": "CD313075 - Radio Link Advanced outdoor PC to Smartphone\/Tablet"
    },
    {
        "item_id": "3369780000004549398",
        "Item_Name": "CD332054 - BM3200-KITMOTO"
    },
    {
        "item_id": "3369780000004549407",
        "Item_Name": "CD325125 - Trailer w Hardtop - 3500 kg -"
    },
    {
        "item_id": "3369780000004549416",
        "Item_Name": "CD325120 - Transport frame BM20-1000 mm"
    },
    {
        "item_id": "3369780000004549425",
        "Item_Name": "CD325127 - Wheel and Frame for generator 12,5 \/ 13,9 kVA"
    },
    {
        "item_id": "3369780000004549434",
        "Item_Name": "CD325129 - Electrical winch"
    },
    {
        "item_id": "3369780000004549443",
        "Item_Name": "CD325130 - Battery pack incl charger"
    },
    {
        "item_id": "3369780000004549452",
        "Item_Name": "AC254054 - Manuel Winch"
    },
    {
        "item_id": "3369780000004549461",
        "Item_Name": "CD325131 - Generator 13,9 kVA Type PETROL"
    },
    {
        "item_id": "3369780000004549470",
        "Item_Name": "CD325320 - PC shelf with door and lock for alu hardtop"
    },
    {
        "item_id": "3369780000004549479",
        "Item_Name": "CD316200 - BM FC Update subscription"
    },
    {
        "item_id": "3369780000004551001",
        "Item_Name": "BM3010 - Brake Tester"
    },
    {
        "item_id": "3369780000004551050",
        "Item_Name": "CS900000 - Preperation in trailer of alu box Emission Tester"
    },
    {
        "item_id": "3369780000004551059",
        "Item_Name": "CD325125 - BM Trailer with Hard Top"
    },
    {
        "item_id": "3369780000004569001",
        "Item_Name": "ST12915SC - 3\/8\u201d Drive Metric Spark Plug Socket 16 mm (NON-MAGNETIC)"
    },
    {
        "item_id": "3369780000004574005",
        "Item_Name": "ST47701SC - T-Handle 6 Point Socket Wrench 8mm"
    },
    {
        "item_id": "3369780000004574014",
        "Item_Name": "ST13971ST - 1\/2\u201d Drive Quick-Release Teardrop Ratchet with plain handle (60 Teeth)"
    },
    {
        "item_id": "3369780000004574023",
        "Item_Name": "ST09701 - 8 Pc. Tamper-Proof Torx Key Set"
    },
    {
        "item_id": "3369780000004574032",
        "Item_Name": "ST62308SC - Acetate Screwdriver Phillips #1 x 100mm"
    },
    {
        "item_id": "3369780000004574041",
        "Item_Name": "ST62208SC - Acetate Screwdriver Slotted 5mm x 100mm"
    },
    {
        "item_id": "3369780000004574050",
        "Item_Name": "ST62307SC - Acetate Screwdriver Phillips #1 x 75mm"
    },
    {
        "item_id": "3369780000004574059",
        "Item_Name": "ST62202SC -  Acetate Screwdriver Slotted 3.2mm x 75mm"
    },
    {
        "item_id": "3369780000004574068",
        "Item_Name": "ST97222SC - Air Blow Gun 250mm"
    },
    {
        "item_id": "3369780000004597001",
        "Item_Name": "Car Turn Tables - Brand : Mutrade - China.Capacity : 3000 kgsDiameter : 5500 mmHeight : 172 mm"
    },
    {
        "item_id": "3369780000004614001",
        "Item_Name": "CD336006 - BM2600 Head Light Tester Camera on Wheels"
    },
    {
        "item_id": "3369780000004614010",
        "Item_Name": "CD314040 - BM FC Smartphone\/Tablet BM2500-BM2600  HLT link"
    },
    {
        "item_id": "3369780000004614019",
        "Item_Name": "CD336012 - BM21\/2500\/2600 adjustable in-ground rail 4,5 m"
    },
    {
        "item_id": "3369780000004614028",
        "Item_Name": "CD336009 - Metal handle for BM2600"
    },
    {
        "item_id": "3369780000004614037",
        "Item_Name": "CD336015 - Laser cal tool f BM2100\/ BM23\/ BM25\/ BM26"
    },
    {
        "item_id": "3369780000004614046",
        "Item_Name": "BM2600 - Head Light Tester Camera Electronic on Wheels"
    },
    {
        "item_id": "3369780000004637023",
        "Item_Name": "Washing Pumps - 7.5 kw - Prakash : India"
    },
    {
        "item_id": "3369780000004637032",
        "Item_Name": "Vacuum Cleaner - Industrial - Heavy Duty - 7.5kw"
    },
    {
        "item_id": "3369780000004637041",
        "Item_Name": "Foam Sprayer with fittings - Wolf : Taiwan"
    },
    {
        "item_id": "3369780000004637050",
        "Item_Name": "Washing Boom, Model : 63.403 , Mosmatic - Switzerland"
    },
    {
        "item_id": "3369780000004645001",
        "Item_Name": "Air Compressor - BAC, India"
    },
    {
        "item_id": "3369780000004651001",
        "Item_Name": "Pneumatic Connector"
    },
    {
        "item_id": "3369780000004652029",
        "Item_Name": "CD325144 - One MC cover plate for BM1\/4\/7 600\/700\/1000 mm"
    },
    {
        "item_id": "3369780000004651016",
        "Item_Name": "Four Post Lift For Wheel Alignment With Rear Slip Plates"
    },
    {
        "item_id": "3369780000004664075",
        "Item_Name": "Vacuum Pump OIl"
    },
    {
        "item_id": "3369780000004664134",
        "Item_Name": "Sensors for Barke Tester"
    },
    {
        "item_id": "3369780000004689049",
        "Item_Name": "Annual Maintenance Contract"
    },
    {
        "item_id": "3369780000004721027",
        "Item_Name": "AC820881 - Gas Hose 1\/4\" TYGON F-4040 6 4 - 9,6mm"
    },
    {
        "item_id": "3369780000004726031",
        "Item_Name": "AC820882 - Gas Hose 1\/8\" TYGON F-4040 3 1 2 - 6,4mm"
    },
    {
        "item_id": "3369780000004738097",
        "Item_Name": "XT90, Xtool Smart Diagnostic System"
    },
    {
        "item_id": "3369780000004747791",
        "Item_Name": "CS113034- Oversea Packing Spareparts"
    },
    {
        "item_id": "3369780000004781001",
        "Item_Name": "Four Post Lift, Brand - GX, Model Quad 40"
    },
    {
        "item_id": "3369780000004812027",
        "Item_Name": "Tyre Changer For Trucks, Model : F565, Brand : HPA-Faip, Italy"
    },
    {
        "item_id": "3369780000004812036",
        "Item_Name": "Tyre Changer For Trucks, Model : F562, Brand : HPA-Faip, Italy"
    },
    {
        "item_id": "3369780000004855513",
        "Item_Name": "Tool Trolley : Model:GX-RNU-TT-251"
    },
    {
        "item_id": "3369780000004855522",
        "Item_Name": "GX-RNU-THB-126"
    },
    {
        "item_id": "3369780000004855547",
        "Item_Name": "GX-RNU-THB-88"
    },
    {
        "item_id": "3369780000004861001",
        "Item_Name": "Exchange\/Take-back"
    },
    {
        "item_id": "3369780000004880685",
        "Item_Name": "CD316066 - BM FlexCheck system SF000371"
    },
    {
        "item_id": "3369780000004880694",
        "Item_Name": "CD316066 - BM FlexCheck system SF000373"
    },
    {
        "item_id": "3369780000004880707",
        "Item_Name": "CD316066 - BM FlexCheck system SF000372"
    },
    {
        "item_id": "3369780000004880716",
        "Item_Name": "CD316066 - BM FlexCheck system SF000374"
    },
    {
        "item_id": "3369780000004880725",
        "Item_Name": "CD316066 - BM FlexCheck system SF000375"
    },
    {
        "item_id": "3369780000004880734",
        "Item_Name": "CD316066 - BM FlexCheck system SF000378"
    },
    {
        "item_id": "3369780000004880743",
        "Item_Name": "CD316066 - BM FlexCheck system SF000379, SF000389"
    },
    {
        "item_id": "3369780000004880752",
        "Item_Name": "CD316066 - BM FlexCheck system SF000380"
    },
    {
        "item_id": "3369780000004880761",
        "Item_Name": "CD316066 - BM FlexCheck system SF000382, SF000384"
    },
    {
        "item_id": "3369780000004880836",
        "Item_Name": "CD332007 - BM3201 Smoke meter upgrade of 4-gas tester"
    },
    {
        "item_id": "3369780000004945009",
        "Item_Name": "Installtion of Scissor Lift"
    },
    {
        "item_id": "3369780000004962011",
        "Item_Name": "Welding"
    },
    {
        "item_id": "3369780000004966001",
        "Item_Name": "BM3201 Combined Emission Tester - Without Trolley"
    },
    {
        "item_id": "3369780000005022001",
        "Item_Name": "Buy Back Offer"
    },
    {
        "item_id": "3369780000005022042",
        "Item_Name": "Wheel Alignment Machine, Brand : Technovector, Model: Technovector 7 Optima - 4 camera system"
    },
    {
        "item_id": "3369780000005022051",
        "Item_Name": "Cabinet - Technovector S Series"
    },
    {
        "item_id": "3369780000005023001",
        "Item_Name": "Materials"
    },
    {
        "item_id": "3369780000005044001",
        "Item_Name": "PM Service charges as per AMC contract for Heavy Lanes"
    },
    {
        "item_id": "3369780000005046049",
        "Item_Name": "AC142082 - Contactor 100-C30KF00."
    },
    {
        "item_id": "3369780000005050001",
        "Item_Name": "Bluetooth - Power Adapter"
    },
    {
        "item_id": "3369780000005047084",
        "Item_Name": "Contactless Wheel Alignment System - Techno vector - Model - Smartlight 8 - 8214"
    },
    {
        "item_id": "3369780000005055023",
        "Item_Name": "Wheel Alignment Machine For Trucks, Techno Vector 7 Truck 7404 HTMC"
    },
    {
        "item_id": "3369780000005068001",
        "Item_Name": "Paint Booth  - Brand GX - Model :GXPB-300"
    },
    {
        "item_id": "3369780000005101001",
        "Item_Name": "CD316041 - BM FC Combi X200"
    },
    {
        "item_id": "3369780000005101010",
        "Item_Name": "CS900002 - Price Increase for Delivery Jan 2024"
    },
    {
        "item_id": "3369780000005111001",
        "Item_Name": "Tyre changer - Brand-HPA FAIP Italy Model:M200Bike"
    },
    {
        "item_id": "3369780000005111014",
        "Item_Name": "Tyre changer - Brand-HPA FAIP Italy Model:M322Bike 3ph\/400v\/50hz"
    },
    {
        "item_id": "3369780000005122001",
        "Item_Name": "HPA FAIP - 8-11100461 - Accessories M322 bike"
    },
    {
        "item_id": "3369780000005122018",
        "Item_Name": "HPA FAIP -8-11100462 - Accessories M322 bike"
    },
    {
        "item_id": "3369780000005122027",
        "Item_Name": "HPA FAIP -8-11100463 - Accessories M322 bike"
    },
    {
        "item_id": "3369780000005120017",
        "Item_Name": "Tyre Changer, Model: Mounter 55PRO, Brand : GX"
    },
    {
        "item_id": "3369780000005120054",
        "Item_Name": "Ex-Works Charges"
    },
    {
        "item_id": "3369780000005120063",
        "Item_Name": "MOFI Charges"
    },
    {
        "item_id": "3369780000005131057",
        "Item_Name": "Contactless Wheel Alignment System - Techno vector - Model - Smartlight 8 - 8214."
    },
    {
        "item_id": "3369780000005131158",
        "Item_Name": "Modification of Test Lane"
    },
    {
        "item_id": "3369780000005131223",
        "Item_Name": "Wheel Alignment Machine For Trucks, Techno Vector 7 Truck 7404 HTS - 6 Axles"
    },
    {
        "item_id": "3369780000005149109",
        "Item_Name": "AC246065 - Monteringsramme for v\u00e6gt BM4000 750mm"
    },
    {
        "item_id": "3369780000005187203",
        "Item_Name": "BQC Deckhead for mounter Tyre changer"
    },
    {
        "item_id": "3369780000005187212",
        "Item_Name": "Plastic Mounting Head + Flange for Mounter Tyre Changer"
    },
    {
        "item_id": "3369780000005187221",
        "Item_Name": "Quick Nut 40mm for Spinner WB"
    },
    {
        "item_id": "3369780000005187230",
        "Item_Name": "BIG Rubber Pad for Mounter Tyre Changer"
    },
    {
        "item_id": "3369780000005217001",
        "Item_Name": "Chasis repair bench - Brand GX Model: 40102"
    },
    {
        "item_id": "3369780000005222001",
        "Item_Name": "AC 820821GAS\/OPA 5 keyboard W\/glass"
    },
    {
        "item_id": "3369780000005227001",
        "Item_Name": "BM Flexcheck - Server"
    },
    {
        "item_id": "3369780000005227022",
        "Item_Name": "BM3201 Emission Tester - 4 Gas Tester"
    },
    {
        "item_id": "3369780000005229039",
        "Item_Name": "AC820868 Gas bench 3201 CO, CO2, HC..."
    },
    {
        "item_id": "3369780000005229048",
        "Item_Name": "AC820807 GAS 2-head Pump..."
    },
    {
        "item_id": "3369780000005231247",
        "Item_Name": "Brake Rectifier"
    },
    {
        "item_id": "3369780000005235195",
        "Item_Name": "BQC Protective Pad"
    },
    {
        "item_id": "3369780000005235212",
        "Item_Name": "Y Ring 186x12x6"
    },
    {
        "item_id": "3369780000005235221",
        "Item_Name": "Hexagon Tin Nut M18x1.5"
    },
    {
        "item_id": "3369780000005235238",
        "Item_Name": "186 Single Large Cylinder Piston"
    },
    {
        "item_id": "3369780000005235247",
        "Item_Name": "Gas Valve Socket"
    },
    {
        "item_id": "3369780000005235256",
        "Item_Name": "Small Air Valve (B)"
    },
    {
        "item_id": "3369780000005235265",
        "Item_Name": "Small Air Valve (A)"
    },
    {
        "item_id": "3369780000005235274",
        "Item_Name": "Lock Up Valve Piston"
    },
    {
        "item_id": "3369780000005235283",
        "Item_Name": "Aluminum Piston"
    },
    {
        "item_id": "3369780000005235292",
        "Item_Name": "Rotary valve"
    },
    {
        "item_id": "3369780000005242543",
        "Item_Name": "Customs Deposit"
    },
    {
        "item_id": "3369780000005249001",
        "Item_Name": "Transfer of Mobile Brake Tester to Site Inspection"
    },
    {
        "item_id": "3369780000005265001",
        "Item_Name": "HPA- 60-0061 BOCC.DC AUT.40\u00d726 FLANGIATE"
    },
    {
        "item_id": "3369780000005266001",
        "Item_Name": "HPA - 3-01237 BUSHING"
    },
    {
        "item_id": "3369780000005267001",
        "Item_Name": "HPA- 4-300305B PERNO CENTRALE 5T"
    },
    {
        "item_id": "3369780000005268001",
        "Item_Name": "HPA - 5-300182 GRUPPO TASTIERA 10 KEY + LCD"
    },
    {
        "item_id": "3369780000005268018",
        "Item_Name": "AUTOP STENHOJ 3000600 Sensor"
    },
    {
        "item_id": "3369780000005278001",
        "Item_Name": "AC 820800 GAS Sampling Probe W\/O Hose."
    },
    {
        "item_id": "3369780000005276217",
        "Item_Name": "WALL-MOUNT VACUUM CLEANER"
    },
    {
        "item_id": "3369780000005310001",
        "Item_Name": "AC225027 - Spring f\/rocker travers BM3000 left BM4000 left"
    },
    {
        "item_id": "3369780000005310010",
        "Item_Name": "AC225028 - Spring f\/rocker travers BM3000 right BM4000 right"
    },
    {
        "item_id": "3369780000005310019",
        "Item_Name": "AC117034 - Adapter SK1SI63 2,2\/3,8 kW BM 4000"
    },
    {
        "item_id": "3369780000005310028",
        "Item_Name": "AC820852 - OPA Measuring chamber V2"
    },
    {
        "item_id": "3369780000005310037",
        "Item_Name": "AC820821 - GAS\/OPA 5 key Keyboard w\/glass"
    },
    {
        "item_id": "3369780000005310046",
        "Item_Name": "AC820826 - GAS 3\/2 solenoid valve | 12V | CAP3X0X"
    },
    {
        "item_id": "3369780000005310055",
        "Item_Name": "AC117018 - Brake disc 100\/135 Nm"
    },
    {
        "item_id": "3369780000005310064",
        "Item_Name": "AC173018 - Rectifier f\/mech. brake 230Vac black"
    },
    {
        "item_id": "3369780000005340001",
        "Item_Name": "Brake Tester - Light Duty - For Mobile Unit Complete Set"
    },
    {
        "item_id": "3369780000005369003",
        "Item_Name": "AC413196 - Amplifier for Brake Force and Weight 1-6 TD"
    },
    {
        "item_id": "3369780000005366147",
        "Item_Name": "AC225013 - Gas spring 300N BM20000"
    },
    {
        "item_id": "3369780000005388001",
        "Item_Name": "Air Dryer Brand: BAC\/ India 100CFM"
    },
    {
        "item_id": "3369780000005409003",
        "Item_Name": "Brake Lathe machine for disc and drum with digital caliper Brand:GX\/ Korea Model GXBL-900-2D-D."
    },
    {
        "item_id": "3369780000005468283",
        "Item_Name": "Air Dryer Brand: BAC\/ India 100CFM."
    },
    {
        "item_id": "3369780000005487001",
        "Item_Name": "Impact Wrench 1\" Long Anvil - Model: KW-480GL Make: Kuken Japan"
    }
]