[
    {
        "id": 1,
        "product_id": 25,
        "type_services_id": 1,
        "admin_id": 1,
        "date_of_schedule": "2024-03-05",
        "Reamarks": "dfgcvcvb",
        "created_at": "2024-03-04T08:08:16.000000Z",
        "updated_at": "2024-03-04T08:08:16.000000Z",
        "task_id": 1,
        "product_add": {
            "product_id": 25,
            "client_id": 1,
            "warranties_id": 26,
            "equipment_id": 1,
            "created_at": "2024-03-04T08:08:16.000000Z",
            "updated_at": "2024-03-04T08:08:16.000000Z",
            "admin_id": 1,
            "product_code": "202403045181",
            "equip_pdt": {
                "id": 1,
                "item_id": "3369780000000206065",
                "Brand": "GX",
                "Model": null,
                "Size": null,
                "Item_name": "Mid Rise Scissor lift  Model - Scizor 30.",
                "created_at": null,
                "updated_at": null
            },
            "client_pdt": {
                "id": 1,
                "firstname": "client",
                "lastname": "client",
                "phonenumber": "1425369",
                "office": "client",
                "location": "client",
                "suboffice": "main",
                "user_id": 2,
                "created_at": "2024-03-04T06:33:54.000000Z",
                "updated_at": "2024-03-04T06:33:54.000000Z",
                "avatar": null,
                "Website": null,
                "facebook": null,
                "instagram": null,
                "twitter": null,
                "Gender": null,
                "Address": null,
                "Position": null
            }
        },
        "users_pdt": {
            "id": 1,
            "name": "Ashiq S",
            "email": "ashiqakkarayil@gmail.com",
            "email_verified_at": null,
            "user_type": "admin",
            "status": "1",
            "created_at": "2024-03-04T06:27:04.000000Z",
            "updated_at": "2024-03-04T06:27:04.000000Z"
        }
    },
    {
        "id": 2,
        "product_id": 26,
        "type_services_id": 1,
        "admin_id": 1,
        "date_of_schedule": "2024-03-05",
        "Reamarks": "cdvdfvdvf",
        "created_at": "2024-03-04T11:56:10.000000Z",
        "updated_at": "2024-03-04T11:56:10.000000Z",
        "task_id": 1,
        "product_add": {
            "product_id": 26,
            "client_id": 1,
            "warranties_id": 27,
            "equipment_id": 1,
            "created_at": "2024-03-04T11:56:10.000000Z",
            "updated_at": "2024-03-04T11:56:10.000000Z",
            "admin_id": 1,
            "product_code": "20240304274",
            "equip_pdt": {
                "id": 1,
                "item_id": "3369780000000206065",
                "Brand": "GX",
                "Model": null,
                "Size": null,
                "Item_name": "Mid Rise Scissor lift  Model - Scizor 30.",
                "created_at": null,
                "updated_at": null
            },
            "client_pdt": {
                "id": 1,
                "firstname": "client",
                "lastname": "client",
                "phonenumber": "1425369",
                "office": "client",
                "location": "client",
                "suboffice": "main",
                "user_id": 2,
                "created_at": "2024-03-04T06:33:54.000000Z",
                "updated_at": "2024-03-04T06:33:54.000000Z",
                "avatar": null,
                "Website": null,
                "facebook": null,
                "instagram": null,
                "twitter": null,
                "Gender": null,
                "Address": null,
                "Position": null
            }
        },
        "users_pdt": {
            "id": 1,
            "name": "Ashiq S",
            "email": "ashiqakkarayil@gmail.com",
            "email_verified_at": null,
            "user_type": "admin",
            "status": "1",
            "created_at": "2024-03-04T06:27:04.000000Z",
            "updated_at": "2024-03-04T06:27:04.000000Z"
        }
    },
    {
        "id": 3,
        "product_id": 27,
        "type_services_id": 1,
        "admin_id": 1,
        "date_of_schedule": "2024-03-06",
        "Reamarks": "fdsfsdfsdf",
        "created_at": "2024-03-04T11:56:30.000000Z",
        "updated_at": "2024-03-04T11:56:30.000000Z",
        "task_id": 1,
        "product_add": {
            "product_id": 27,
            "client_id": 1,
            "warranties_id": 28,
            "equipment_id": 1,
            "created_at": "2024-03-04T11:56:30.000000Z",
            "updated_at": "2024-03-04T11:56:30.000000Z",
            "admin_id": 1,
            "product_code": "202403042703",
            "equip_pdt": {
                "id": 1,
                "item_id": "3369780000000206065",
                "Brand": "GX",
                "Model": null,
                "Size": null,
                "Item_name": "Mid Rise Scissor lift  Model - Scizor 30.",
                "created_at": null,
                "updated_at": null
            },
            "client_pdt": {
                "id": 1,
                "firstname": "client",
                "lastname": "client",
                "phonenumber": "1425369",
                "office": "client",
                "location": "client",
                "suboffice": "main",
                "user_id": 2,
                "created_at": "2024-03-04T06:33:54.000000Z",
                "updated_at": "2024-03-04T06:33:54.000000Z",
                "avatar": null,
                "Website": null,
                "facebook": null,
                "instagram": null,
                "twitter": null,
                "Gender": null,
                "Address": null,
                "Position": null
            }
        },
        "users_pdt": {
            "id": 1,
            "name": "Ashiq S",
            "email": "ashiqakkarayil@gmail.com",
            "email_verified_at": null,
            "user_type": "admin",
            "status": "1",
            "created_at": "2024-03-04T06:27:04.000000Z",
            "updated_at": "2024-03-04T06:27:04.000000Z"
        }
    }
]